Dataset, #TrainingRelease, %Training, %Defective in training,%Defective in testing, Classifier, Balancing, Feature Selection, Sensitivity, TP, FP, TN, FN, Precision,Recall, AUC, Kappa
BOOKKEEPER,1,0.081067,0.352159,0.375854,Random Forest,No,No,No,117,74,200,48,0.612565,0.709091,0.776985,0.425676
BOOKKEEPER,1,0.081067,0.352159,0.375854,Naive Bayes,No,No,No,148,263,11,17,0.360097,0.896970,0.703948,-0.048501
BOOKKEEPER,1,0.081067,0.352159,0.375854,Ibk,No,No,No,121,88,186,44,0.578947,0.733333,0.704026,0.391405
BOOKKEEPER,2,0.199300,0.366216,0.268793,Random Forest,No,No,No,0,0,321,118,NaN,0.000000,0.693146,0.000000
BOOKKEEPER,2,0.199300,0.366216,0.268793,Naive Bayes,No,No,No,13,2,319,105,0.866667,0.110169,0.660661,0.143563
BOOKKEEPER,2,0.199300,0.366216,0.268793,Ibk,No,No,No,4,3,318,114,0.571429,0.033898,0.501188,0.034947
BOOKKEEPER,3,0.317533,0.329941,0.237691,Random Forest,No,No,No,55,27,422,85,0.670732,0.392857,0.825374,0.388041
BOOKKEEPER,3,0.317533,0.329941,0.237691,Naive Bayes,No,No,No,34,3,446,106,0.918919,0.242857,0.795625,0.316232
BOOKKEEPER,3,0.317533,0.329941,0.237691,Ibk,No,No,No,76,49,400,64,0.608000,0.542857,0.717372,0.450328
BOOKKEEPER,4,0.476165,0.299208,0.201299,Random Forest,No,No,No,64,59,433,60,0.520325,0.516129,0.810640,0.397409
BOOKKEEPER,4,0.476165,0.299208,0.201299,Naive Bayes,No,No,No,36,20,472,88,0.642857,0.290323,0.801813,0.314088
BOOKKEEPER,4,0.476165,0.299208,0.201299,Ibk,No,No,No,73,288,204,51,0.202216,0.588710,0.537200,0.001950
BOOKKEEPER,5,0.642068,0.273909,0.171254,Random Forest,No,No,No,76,76,466,36,0.500000,0.678571,0.862093,0.471546
BOOKKEEPER,5,0.642068,0.273909,0.171254,Naive Bayes,No,No,No,18,8,534,94,0.692308,0.160714,0.828578,0.209883
BOOKKEEPER,5,0.642068,0.273909,0.171254,Ibk,No,No,No,23,12,530,89,0.657143,0.205357,0.609202,0.251920
BOOKKEEPER,6,0.818206,0.251810,0.081481,Random Forest,No,No,No,30,100,520,25,0.230769,0.545455,0.766202,0.236943
BOOKKEEPER,6,0.818206,0.251810,0.081481,Naive Bayes,No,No,No,21,15,605,34,0.583333,0.381818,0.856950,0.424432
BOOKKEEPER,6,0.818206,0.251810,0.081481,Ibk,No,No,No,27,389,231,28,0.064904,0.490909,0.431745,-0.034207
BOOKKEEPER,1,0.081067,0.352159,0.375854,Random Forest,No,No,Sensitive threshold,156,215,59,9,0.420485,0.945455,0.580392,0.128798
BOOKKEEPER,1,0.081067,0.352159,0.375854,Naive Bayes,No,No,Sensitive threshold,151,267,7,14,0.361244,0.915152,0.470349,-0.045442
BOOKKEEPER,1,0.081067,0.352159,0.375854,Ibk,No,No,Sensitive threshold,121,88,186,44,0.578947,0.733333,0.706083,0.391405
BOOKKEEPER,2,0.199300,0.366216,0.268793,Random Forest,No,No,Sensitive threshold,114,271,50,4,0.296104,0.966102,0.560932,0.071039
BOOKKEEPER,2,0.199300,0.366216,0.268793,Naive Bayes,No,No,Sensitive threshold,20,4,317,98,0.833333,0.169492,0.578515,0.209902
BOOKKEEPER,2,0.199300,0.366216,0.268793,Ibk,No,No,Sensitive threshold,4,3,318,114,0.571429,0.033898,0.512276,0.034947
BOOKKEEPER,3,0.317533,0.329941,0.237691,Random Forest,No,No,Sensitive threshold,131,326,123,9,0.286652,0.935714,0.604828,0.117842
BOOKKEEPER,3,0.317533,0.329941,0.237691,Naive Bayes,No,No,Sensitive threshold,47,5,444,93,0.903846,0.335714,0.662289,0.414156
BOOKKEEPER,3,0.317533,0.329941,0.237691,Ibk,No,No,Sensitive threshold,76,49,400,64,0.608000,0.542857,0.716863,0.450328
BOOKKEEPER,4,0.476165,0.299208,0.201299,Random Forest,No,No,Sensitive threshold,116,282,210,8,0.291457,0.935484,0.681157,0.198377
BOOKKEEPER,4,0.476165,0.299208,0.201299,Naive Bayes,No,No,Sensitive threshold,39,23,469,85,0.629032,0.314516,0.633884,0.329355
BOOKKEEPER,4,0.476165,0.299208,0.201299,Ibk,No,No,Sensitive threshold,73,288,204,51,0.202216,0.588710,0.501672,0.001950
BOOKKEEPER,5,0.642068,0.273909,0.171254,Random Forest,No,No,Sensitive threshold,110,307,235,2,0.263789,0.982143,0.707861,0.199843
BOOKKEEPER,5,0.642068,0.273909,0.171254,Naive Bayes,No,No,Sensitive threshold,25,18,524,87,0.581395,0.223214,0.595002,0.251455
BOOKKEEPER,5,0.642068,0.273909,0.171254,Ibk,No,No,Sensitive threshold,23,15,527,89,0.605263,0.205357,0.588841,0.240791
BOOKKEEPER,6,0.818206,0.251810,0.081481,Random Forest,No,No,Sensitive threshold,46,309,311,9,0.129577,0.836364,0.668988,0.096971
BOOKKEEPER,6,0.818206,0.251810,0.081481,Naive Bayes,No,No,Sensitive threshold,27,31,589,28,0.465517,0.490909,0.720455,0.430217
BOOKKEEPER,6,0.818206,0.251810,0.081481,Ibk,No,No,Sensitive threshold,27,389,231,28,0.064904,0.490909,0.431745,-0.034207
BOOKKEEPER,1,0.081067,0.352159,0.375854,Random Forest,No,No,Sensitive learning,147,141,133,18,0.510417,0.890909,0.771732,0.327718
BOOKKEEPER,1,0.081067,0.352159,0.375854,Naive Bayes,No,No,Sensitive learning,151,267,7,14,0.361244,0.915152,0.703948,-0.045442
BOOKKEEPER,1,0.081067,0.352159,0.375854,Ibk,No,No,Sensitive learning,121,88,186,44,0.578947,0.733333,0.704026,0.391405
BOOKKEEPER,2,0.199300,0.366216,0.268793,Random Forest,No,No,Sensitive learning,0,0,321,118,NaN,0.000000,0.701793,0.000000
BOOKKEEPER,2,0.199300,0.366216,0.268793,Naive Bayes,No,No,Sensitive learning,20,4,317,98,0.833333,0.169492,0.660661,0.209902
BOOKKEEPER,2,0.199300,0.366216,0.268793,Ibk,No,No,Sensitive learning,4,3,318,114,0.571429,0.033898,0.501188,0.034947
BOOKKEEPER,3,0.317533,0.329941,0.237691,Random Forest,No,No,Sensitive learning,110,134,315,30,0.450820,0.785714,0.812965,0.388075
BOOKKEEPER,3,0.317533,0.329941,0.237691,Naive Bayes,No,No,Sensitive learning,47,5,444,93,0.903846,0.335714,0.795625,0.414156
BOOKKEEPER,3,0.317533,0.329941,0.237691,Ibk,No,No,Sensitive learning,76,49,400,64,0.608000,0.542857,0.717372,0.450328
BOOKKEEPER,4,0.476165,0.299208,0.201299,Random Forest,No,No,Sensitive learning,91,142,350,33,0.390558,0.733871,0.812090,0.335093
BOOKKEEPER,4,0.476165,0.299208,0.201299,Naive Bayes,No,No,Sensitive learning,39,23,469,85,0.629032,0.314516,0.801911,0.329355
BOOKKEEPER,4,0.476165,0.299208,0.201299,Ibk,No,No,Sensitive learning,73,288,204,51,0.202216,0.588710,0.537200,0.001950
BOOKKEEPER,5,0.642068,0.273909,0.171254,Random Forest,No,No,Sensitive learning,100,197,345,12,0.336700,0.892857,0.837523,0.319828
BOOKKEEPER,5,0.642068,0.273909,0.171254,Naive Bayes,No,No,Sensitive learning,25,18,524,87,0.581395,0.223214,0.828578,0.251455
BOOKKEEPER,5,0.642068,0.273909,0.171254,Ibk,No,No,Sensitive learning,23,15,527,89,0.605263,0.205357,0.609202,0.240791
BOOKKEEPER,6,0.818206,0.251810,0.081481,Random Forest,No,No,Sensitive learning,45,226,394,10,0.166052,0.818182,0.784677,0.162637
BOOKKEEPER,6,0.818206,0.251810,0.081481,Naive Bayes,No,No,Sensitive learning,27,31,589,28,0.465517,0.490909,0.856950,0.430217
BOOKKEEPER,6,0.818206,0.251810,0.081481,Ibk,No,No,Sensitive learning,27,389,231,28,0.064904,0.490909,0.431745,-0.034207
BOOKKEEPER,1,0.081067,0.352159,0.375854,Random Forest,Oversampling,No,No,125,101,173,40,0.553097,0.757576,0.733621,0.362320
BOOKKEEPER,1,0.081067,0.352159,0.375854,Naive Bayes,Oversampling,No,No,85,64,210,80,0.570470,0.515152,0.710396,0.287113
BOOKKEEPER,1,0.081067,0.352159,0.375854,Ibk,Oversampling,No,No,114,116,158,51,0.495652,0.690909,0.608261,0.248110
BOOKKEEPER,2,0.199300,0.366216,0.268793,Random Forest,Oversampling,No,No,0,0,321,118,NaN,0.000000,0.649493,0.000000
BOOKKEEPER,2,0.199300,0.366216,0.268793,Naive Bayes,Oversampling,No,No,7,1,320,111,0.875000,0.059322,0.714821,0.079699
BOOKKEEPER,2,0.199300,0.366216,0.268793,Ibk,Oversampling,No,No,7,12,309,111,0.368421,0.059322,0.508501,0.029860
BOOKKEEPER,3,0.317533,0.329941,0.237691,Random Forest,Oversampling,No,No,82,58,391,58,0.585714,0.585714,0.821413,0.456538
BOOKKEEPER,3,0.317533,0.329941,0.237691,Naive Bayes,Oversampling,No,No,71,86,363,69,0.452229,0.507143,0.734998,0.302948
BOOKKEEPER,3,0.317533,0.329941,0.237691,Ibk,Oversampling,No,No,60,164,285,80,0.267857,0.428571,0.494758,0.052480
BOOKKEEPER,4,0.476165,0.299208,0.201299,Random Forest,Oversampling,No,No,86,98,394,38,0.467391,0.693548,0.836292,0.418610
BOOKKEEPER,4,0.476165,0.299208,0.201299,Naive Bayes,Oversampling,No,No,37,17,475,87,0.685185,0.298387,0.814483,0.334441
BOOKKEEPER,4,0.476165,0.299208,0.201299,Ibk,Oversampling,No,No,65,117,375,59,0.357143,0.524194,0.725847,0.243750
BOOKKEEPER,5,0.642068,0.273909,0.171254,Random Forest,Oversampling,No,No,91,145,397,21,0.385593,0.812500,0.854557,0.378669
BOOKKEEPER,5,0.642068,0.273909,0.171254,Naive Bayes,Oversampling,No,No,35,25,517,77,0.583333,0.312500,0.819831,0.326508
BOOKKEEPER,5,0.642068,0.273909,0.171254,Ibk,Oversampling,No,No,17,51,491,95,0.250000,0.151786,0.572376,0.068340
BOOKKEEPER,6,0.818206,0.251810,0.081481,Random Forest,Oversampling,No,No,46,203,417,9,0.184739,0.836364,0.809589,0.195208
BOOKKEEPER,6,0.818206,0.251810,0.081481,Naive Bayes,Oversampling,No,No,21,14,606,34,0.600000,0.381818,0.856481,0.430580
BOOKKEEPER,6,0.818206,0.251810,0.081481,Ibk,Oversampling,No,No,44,407,213,11,0.097561,0.800000,0.672551,0.033534
BOOKKEEPER,1,0.081067,0.352159,0.375854,Random Forest,Oversampling,No,Sensitive threshold,154,224,50,11,0.407407,0.933333,0.557908,0.092153
BOOKKEEPER,1,0.081067,0.352159,0.375854,Naive Bayes,Oversampling,No,Sensitive threshold,91,70,204,74,0.565217,0.551515,0.648020,0.297475
BOOKKEEPER,1,0.081067,0.352159,0.375854,Ibk,Oversampling,No,Sensitive threshold,114,116,158,51,0.495652,0.690909,0.633776,0.248110
BOOKKEEPER,2,0.199300,0.366216,0.268793,Random Forest,Oversampling,No,Sensitive threshold,118,321,0,0,0.268793,1.000000,0.500000,0.000000
BOOKKEEPER,2,0.199300,0.366216,0.268793,Naive Bayes,Oversampling,No,Sensitive threshold,13,2,319,105,0.866667,0.110169,0.551969,0.143563
BOOKKEEPER,2,0.199300,0.366216,0.268793,Ibk,Oversampling,No,Sensitive threshold,7,12,309,111,0.368421,0.059322,0.510969,0.029860
BOOKKEEPER,3,0.317533,0.329941,0.237691,Random Forest,Oversampling,No,Sensitive threshold,135,369,80,5,0.267857,0.964286,0.571230,0.075190
BOOKKEEPER,3,0.317533,0.329941,0.237691,Naive Bayes,Oversampling,No,Sensitive threshold,77,97,352,63,0.442529,0.550000,0.666982,0.308208
BOOKKEEPER,3,0.317533,0.329941,0.237691,Ibk,Oversampling,No,Sensitive threshold,60,164,285,80,0.267857,0.428571,0.531658,0.052480
BOOKKEEPER,4,0.476165,0.299208,0.201299,Random Forest,Oversampling,No,Sensitive threshold,121,320,172,3,0.274376,0.975806,0.662700,0.166354
BOOKKEEPER,4,0.476165,0.299208,0.201299,Naive Bayes,Oversampling,No,Sensitive threshold,48,21,471,76,0.695652,0.387097,0.672207,0.412907
BOOKKEEPER,4,0.476165,0.299208,0.201299,Ibk,Oversampling,No,Sensitive threshold,65,117,375,59,0.357143,0.524194,0.643194,0.243750
BOOKKEEPER,5,0.642068,0.273909,0.171254,Random Forest,Oversampling,No,Sensitive threshold,110,372,170,2,0.228216,0.982143,0.647898,0.128025
BOOKKEEPER,5,0.642068,0.273909,0.171254,Naive Bayes,Oversampling,No,Sensitive threshold,45,41,501,67,0.523256,0.401786,0.663070,0.359219
BOOKKEEPER,5,0.642068,0.273909,0.171254,Ibk,Oversampling,No,Sensitive threshold,17,52,490,95,0.246377,0.151786,0.527922,0.065878
BOOKKEEPER,6,0.818206,0.251810,0.081481,Random Forest,Oversampling,No,Sensitive threshold,53,354,266,2,0.130221,0.963636,0.696334,0.100270
BOOKKEEPER,6,0.818206,0.251810,0.081481,Naive Bayes,Oversampling,No,Sensitive threshold,30,41,579,25,0.422535,0.545455,0.739663,0.423226
BOOKKEEPER,6,0.818206,0.251810,0.081481,Ibk,Oversampling,No,Sensitive threshold,44,407,213,11,0.097561,0.800000,0.571774,0.033534
BOOKKEEPER,1,0.081067,0.352159,0.375854,Random Forest,Oversampling,No,Sensitive learning,142,158,116,23,0.473333,0.860606,0.744537,0.244219
BOOKKEEPER,1,0.081067,0.352159,0.375854,Naive Bayes,Oversampling,No,Sensitive learning,91,70,204,74,0.565217,0.551515,0.710142,0.297475
BOOKKEEPER,1,0.081067,0.352159,0.375854,Ibk,Oversampling,No,Sensitive learning,114,116,158,51,0.495652,0.690909,0.608261,0.248110
BOOKKEEPER,2,0.199300,0.366216,0.268793,Random Forest,Oversampling,No,Sensitive learning,7,1,320,111,0.875000,0.059322,0.700063,0.079699
BOOKKEEPER,2,0.199300,0.366216,0.268793,Naive Bayes,Oversampling,No,Sensitive learning,13,2,319,105,0.866667,0.110169,0.714821,0.143563
BOOKKEEPER,2,0.199300,0.366216,0.268793,Ibk,Oversampling,No,Sensitive learning,7,12,309,111,0.368421,0.059322,0.508501,0.029860
BOOKKEEPER,3,0.317533,0.329941,0.237691,Random Forest,Oversampling,No,Sensitive learning,136,347,102,4,0.281573,0.971429,0.815344,0.107757
BOOKKEEPER,3,0.317533,0.329941,0.237691,Naive Bayes,Oversampling,No,Sensitive learning,77,97,352,63,0.442529,0.550000,0.734235,0.308208
BOOKKEEPER,3,0.317533,0.329941,0.237691,Ibk,Oversampling,No,Sensitive learning,60,164,285,80,0.267857,0.428571,0.494758,0.052480
BOOKKEEPER,4,0.476165,0.299208,0.201299,Random Forest,Oversampling,No,Sensitive learning,116,230,262,8,0.335260,0.935484,0.841283,0.280317
BOOKKEEPER,4,0.476165,0.299208,0.201299,Naive Bayes,Oversampling,No,Sensitive learning,48,21,471,76,0.695652,0.387097,0.814483,0.412907
BOOKKEEPER,4,0.476165,0.299208,0.201299,Ibk,Oversampling,No,Sensitive learning,65,117,375,59,0.357143,0.524194,0.725847,0.243750
BOOKKEEPER,5,0.642068,0.273909,0.171254,Random Forest,Oversampling,No,Sensitive learning,110,312,230,2,0.260664,0.982143,0.846188,0.193759
BOOKKEEPER,5,0.642068,0.273909,0.171254,Naive Bayes,Oversampling,No,Sensitive learning,45,41,501,67,0.523256,0.401786,0.819715,0.359219
BOOKKEEPER,5,0.642068,0.273909,0.171254,Ibk,Oversampling,No,Sensitive learning,17,52,490,95,0.246377,0.151786,0.572376,0.065878
BOOKKEEPER,6,0.818206,0.251810,0.081481,Random Forest,Oversampling,No,Sensitive learning,52,323,297,3,0.138667,0.945455,0.815645,0.116265
BOOKKEEPER,6,0.818206,0.251810,0.081481,Naive Bayes,Oversampling,No,Sensitive learning,30,41,579,25,0.422535,0.545455,0.856481,0.423226
BOOKKEEPER,6,0.818206,0.251810,0.081481,Ibk,Oversampling,No,Sensitive learning,44,407,213,11,0.097561,0.800000,0.672551,0.033534
BOOKKEEPER,1,0.081067,0.352159,0.375854,Random Forest,Undersampling,No,No,131,112,162,34,0.539095,0.793939,0.776664,0.352075
BOOKKEEPER,1,0.081067,0.352159,0.375854,Naive Bayes,Undersampling,No,No,85,54,220,80,0.611511,0.515152,0.734904,0.328363
BOOKKEEPER,1,0.081067,0.352159,0.375854,Ibk,Undersampling,No,No,127,141,133,38,0.473881,0.769697,0.627549,0.226923
BOOKKEEPER,2,0.199300,0.366216,0.268793,Random Forest,Undersampling,No,No,0,0,321,118,NaN,0.000000,0.684804,0.000000
BOOKKEEPER,2,0.199300,0.366216,0.268793,Naive Bayes,Undersampling,No,No,13,2,319,105,0.866667,0.110169,0.649110,0.143563
BOOKKEEPER,2,0.199300,0.366216,0.268793,Ibk,Undersampling,No,No,10,23,298,108,0.303030,0.084746,0.505491,0.016957
BOOKKEEPER,3,0.317533,0.329941,0.237691,Random Forest,Undersampling,No,No,101,54,395,39,0.651613,0.721429,0.839620,0.579786
BOOKKEEPER,3,0.317533,0.329941,0.237691,Naive Bayes,Undersampling,No,No,32,1,448,108,0.969697,0.228571,0.758543,0.307111
BOOKKEEPER,3,0.317533,0.329941,0.237691,Ibk,Undersampling,No,No,86,153,296,54,0.359833,0.614286,0.637194,0.219997
BOOKKEEPER,4,0.476165,0.299208,0.201299,Random Forest,Undersampling,No,No,78,88,404,46,0.469880,0.629032,0.825457,0.399558
BOOKKEEPER,4,0.476165,0.299208,0.201299,Naive Bayes,Undersampling,No,No,37,22,470,87,0.627119,0.298387,0.790232,0.315528
BOOKKEEPER,4,0.476165,0.299208,0.201299,Ibk,Undersampling,No,No,102,325,167,22,0.238876,0.822581,0.606863,0.084652
BOOKKEEPER,5,0.642068,0.273909,0.171254,Random Forest,Undersampling,No,No,94,155,387,18,0.377510,0.839286,0.857629,0.372542
BOOKKEEPER,5,0.642068,0.273909,0.171254,Naive Bayes,Undersampling,No,No,28,23,519,84,0.549020,0.250000,0.825926,0.264767
BOOKKEEPER,5,0.642068,0.273909,0.171254,Ibk,Undersampling,No,No,41,50,492,71,0.450549,0.366071,0.649603,0.295823
BOOKKEEPER,6,0.818206,0.251810,0.081481,Random Forest,Undersampling,No,No,46,222,398,9,0.171642,0.836364,0.810367,0.173009
BOOKKEEPER,6,0.818206,0.251810,0.081481,Naive Bayes,Undersampling,No,No,23,12,608,32,0.657143,0.418182,0.867478,0.478032
BOOKKEEPER,6,0.818206,0.251810,0.081481,Ibk,Undersampling,No,No,49,463,157,6,0.095703,0.890909,0.572067,0.030116
BOOKKEEPER,1,0.081067,0.352159,0.375854,Random Forest,Undersampling,No,Sensitive threshold,159,226,48,6,0.412987,0.963636,0.569409,0.109720
BOOKKEEPER,1,0.081067,0.352159,0.375854,Naive Bayes,Undersampling,No,Sensitive threshold,94,65,209,71,0.591195,0.569697,0.666235,0.334893
BOOKKEEPER,1,0.081067,0.352159,0.375854,Ibk,Undersampling,No,Sensitive threshold,127,141,133,38,0.473881,0.769697,0.627549,0.226923
BOOKKEEPER,2,0.199300,0.366216,0.268793,Random Forest,Undersampling,No,Sensitive threshold,118,321,0,0,0.268793,1.000000,0.500000,0.000000
BOOKKEEPER,2,0.199300,0.366216,0.268793,Naive Bayes,Undersampling,No,Sensitive threshold,27,11,310,91,0.710526,0.228814,0.597273,0.247631
BOOKKEEPER,2,0.199300,0.366216,0.268793,Ibk,Undersampling,No,Sensitive threshold,10,23,298,108,0.303030,0.084746,0.506547,0.016957
BOOKKEEPER,3,0.317533,0.329941,0.237691,Random Forest,Undersampling,No,Sensitive threshold,138,435,14,2,0.240838,0.985714,0.508447,0.008184
BOOKKEEPER,3,0.317533,0.329941,0.237691,Naive Bayes,Undersampling,No,Sensitive threshold,85,9,440,55,0.904255,0.607143,0.793549,0.661937
BOOKKEEPER,3,0.317533,0.329941,0.237691,Ibk,Undersampling,No,Sensitive threshold,86,153,296,54,0.359833,0.614286,0.636764,0.219997
BOOKKEEPER,4,0.476165,0.299208,0.201299,Random Forest,Undersampling,No,Sensitive threshold,122,353,139,2,0.256842,0.983871,0.633196,0.129403
BOOKKEEPER,4,0.476165,0.299208,0.201299,Naive Bayes,Undersampling,No,Sensitive threshold,40,28,464,84,0.588235,0.322581,0.632835,0.319659
BOOKKEEPER,4,0.476165,0.299208,0.201299,Ibk,Undersampling,No,Sensitive threshold,102,325,167,22,0.238876,0.822581,0.581006,0.084652
BOOKKEEPER,5,0.642068,0.273909,0.171254,Random Forest,Undersampling,No,Sensitive threshold,112,406,136,0,0.216216,1.000000,0.625461,0.102923
BOOKKEEPER,5,0.642068,0.273909,0.171254,Naive Bayes,Undersampling,No,Sensitive threshold,112,542,0,0,0.171254,1.000000,0.500000,0.000000
BOOKKEEPER,5,0.642068,0.273909,0.171254,Ibk,Undersampling,No,Sensitive threshold,41,50,492,71,0.450549,0.366071,0.636910,0.295823
BOOKKEEPER,6,0.818206,0.251810,0.081481,Random Forest,Undersampling,No,Sensitive threshold,52,402,218,3,0.114537,0.945455,0.648534,0.068997
BOOKKEEPER,6,0.818206,0.251810,0.081481,Naive Bayes,Undersampling,No,Sensitive threshold,47,116,504,8,0.288344,0.854545,0.833724,0.352267
BOOKKEEPER,6,0.818206,0.251810,0.081481,Ibk,Undersampling,No,Sensitive threshold,49,463,157,6,0.095703,0.890909,0.572067,0.030116
BOOKKEEPER,1,0.081067,0.352159,0.375854,Random Forest,Undersampling,No,Sensitive learning,156,157,117,9,0.498403,0.945455,0.780237,0.316071
BOOKKEEPER,1,0.081067,0.352159,0.375854,Naive Bayes,Undersampling,No,Sensitive learning,94,64,210,71,0.594937,0.569697,0.734495,0.338981
BOOKKEEPER,1,0.081067,0.352159,0.375854,Ibk,Undersampling,No,Sensitive learning,127,141,133,38,0.473881,0.769697,0.627549,0.226923
BOOKKEEPER,2,0.199300,0.366216,0.268793,Random Forest,Undersampling,No,Sensitive learning,0,0,321,118,NaN,0.000000,0.639712,0.000000
BOOKKEEPER,2,0.199300,0.366216,0.268793,Naive Bayes,Undersampling,No,Sensitive learning,27,10,311,91,0.729730,0.228814,0.649110,0.252457
BOOKKEEPER,2,0.199300,0.366216,0.268793,Ibk,Undersampling,No,Sensitive learning,10,23,298,108,0.303030,0.084746,0.505491,0.016957
BOOKKEEPER,3,0.317533,0.329941,0.237691,Random Forest,Undersampling,No,Sensitive learning,138,358,91,2,0.278226,0.985714,0.825795,0.100473
BOOKKEEPER,3,0.317533,0.329941,0.237691,Naive Bayes,Undersampling,No,Sensitive learning,85,9,440,55,0.904255,0.607143,0.758543,0.661937
BOOKKEEPER,3,0.317533,0.329941,0.237691,Ibk,Undersampling,No,Sensitive learning,86,153,296,54,0.359833,0.614286,0.637194,0.219997
BOOKKEEPER,4,0.476165,0.299208,0.201299,Random Forest,Undersampling,No,Sensitive learning,122,322,170,2,0.274775,0.983871,0.838185,0.167623
BOOKKEEPER,4,0.476165,0.299208,0.201299,Naive Bayes,Undersampling,No,Sensitive learning,40,28,464,84,0.588235,0.322581,0.790265,0.319659
BOOKKEEPER,4,0.476165,0.299208,0.201299,Ibk,Undersampling,No,Sensitive learning,102,325,167,22,0.238876,0.822581,0.606863,0.084652
BOOKKEEPER,5,0.642068,0.273909,0.171254,Random Forest,Undersampling,No,Sensitive learning,111,339,203,1,0.246667,0.991071,0.834360,0.166404
BOOKKEEPER,5,0.642068,0.273909,0.171254,Naive Bayes,Undersampling,No,Sensitive learning,112,542,0,0,0.171254,1.000000,0.825926,0.000000
BOOKKEEPER,5,0.642068,0.273909,0.171254,Ibk,Undersampling,No,Sensitive learning,41,50,492,71,0.450549,0.366071,0.649603,0.295823
BOOKKEEPER,6,0.818206,0.251810,0.081481,Random Forest,Undersampling,No,Sensitive learning,53,377,243,2,0.123256,0.963636,0.812845,0.086584
BOOKKEEPER,6,0.818206,0.251810,0.081481,Naive Bayes,Undersampling,No,Sensitive learning,47,112,508,8,0.295597,0.854545,0.867478,0.362004
BOOKKEEPER,6,0.818206,0.251810,0.081481,Ibk,Undersampling,No,Sensitive learning,49,463,157,6,0.095703,0.890909,0.572067,0.030116
BOOKKEEPER,1,0.081067,0.352159,0.375854,Random Forest,Smote,No,No,130,107,167,35,0.548523,0.787879,0.759334,0.365633
BOOKKEEPER,1,0.081067,0.352159,0.375854,Naive Bayes,Smote,No,No,149,263,11,16,0.361650,0.903030,0.718160,-0.043786
BOOKKEEPER,1,0.081067,0.352159,0.375854,Ibk,Smote,No,No,122,106,168,43,0.535088,0.739394,0.674408,0.327649
BOOKKEEPER,2,0.199300,0.366216,0.268793,Random Forest,Smote,No,No,0,0,321,118,NaN,0.000000,0.728708,0.000000
BOOKKEEPER,2,0.199300,0.366216,0.268793,Naive Bayes,Smote,No,No,16,2,319,102,0.888889,0.135593,0.659459,0.176717
BOOKKEEPER,2,0.199300,0.366216,0.268793,Ibk,Smote,No,No,6,4,317,112,0.600000,0.050847,0.508118,0.054020
BOOKKEEPER,3,0.317533,0.329941,0.237691,Random Forest,Smote,No,No,73,32,417,67,0.695238,0.521429,0.825016,0.492529
BOOKKEEPER,3,0.317533,0.329941,0.237691,Naive Bayes,Smote,No,No,35,3,446,105,0.921053,0.250000,0.768430,0.324728
BOOKKEEPER,3,0.317533,0.329941,0.237691,Ibk,Smote,No,No,81,54,395,59,0.600000,0.578571,0.729621,0.464006
BOOKKEEPER,4,0.476165,0.299208,0.201299,Random Forest,Smote,No,No,65,68,424,59,0.488722,0.524194,0.783012,0.375782
BOOKKEEPER,4,0.476165,0.299208,0.201299,Naive Bayes,Smote,No,No,37,22,470,87,0.627119,0.298387,0.824908,0.315528
BOOKKEEPER,4,0.476165,0.299208,0.201299,Ibk,Smote,No,No,86,294,198,38,0.226316,0.693548,0.573777,0.054166
BOOKKEEPER,5,0.642068,0.273909,0.171254,Random Forest,Smote,No,No,88,131,411,24,0.401826,0.785714,0.839541,0.394510
BOOKKEEPER,5,0.642068,0.273909,0.171254,Naive Bayes,Smote,No,No,25,16,526,87,0.609756,0.223214,0.833569,0.258764
BOOKKEEPER,5,0.642068,0.273909,0.171254,Ibk,Smote,No,No,75,156,386,37,0.324675,0.669643,0.698224,0.268609
BOOKKEEPER,6,0.818206,0.251810,0.081481,Random Forest,Smote,No,No,35,178,442,20,0.164319,0.636364,0.732214,0.151267
BOOKKEEPER,6,0.818206,0.251810,0.081481,Naive Bayes,Smote,No,No,24,15,605,31,0.615385,0.436364,0.877493,0.475152
BOOKKEEPER,6,0.818206,0.251810,0.081481,Ibk,Smote,No,No,39,537,83,16,0.067708,0.709091,0.421481,-0.029540
BOOKKEEPER,1,0.081067,0.352159,0.375854,Random Forest,Smote,No,Sensitive threshold,158,217,57,7,0.421333,0.957576,0.582802,0.132151
BOOKKEEPER,1,0.081067,0.352159,0.375854,Naive Bayes,Smote,No,Sensitive threshold,153,265,9,12,0.366029,0.927273,0.480060,-0.030560
BOOKKEEPER,1,0.081067,0.352159,0.375854,Ibk,Smote,No,Sensitive threshold,122,106,168,43,0.535088,0.739394,0.676266,0.327649
BOOKKEEPER,2,0.199300,0.366216,0.268793,Random Forest,Smote,No,Sensitive threshold,113,232,89,5,0.327536,0.957627,0.617443,0.146048
BOOKKEEPER,2,0.199300,0.366216,0.268793,Naive Bayes,Smote,No,Sensitive threshold,23,9,312,95,0.718750,0.194915,0.583439,0.216851
BOOKKEEPER,2,0.199300,0.366216,0.268793,Ibk,Smote,No,Sensitive threshold,6,4,317,112,0.600000,0.050847,0.519193,0.054020
BOOKKEEPER,3,0.317533,0.329941,0.237691,Random Forest,Smote,No,Sensitive threshold,138,383,66,2,0.264875,0.985714,0.566354,0.068532
BOOKKEEPER,3,0.317533,0.329941,0.237691,Naive Bayes,Smote,No,Sensitive threshold,60,5,444,80,0.923077,0.428571,0.708718,0.511775
BOOKKEEPER,3,0.317533,0.329941,0.237691,Ibk,Smote,No,Sensitive threshold,81,54,395,59,0.600000,0.578571,0.729152,0.464006
BOOKKEEPER,4,0.476165,0.299208,0.201299,Random Forest,Smote,No,Sensitive threshold,116,315,177,8,0.269142,0.935484,0.647620,0.153299
BOOKKEEPER,4,0.476165,0.299208,0.201299,Naive Bayes,Smote,No,Sensitive threshold,46,34,458,78,0.575000,0.370968,0.650931,0.348050
BOOKKEEPER,4,0.476165,0.299208,0.201299,Ibk,Smote,No,Sensitive threshold,86,294,198,38,0.226316,0.693548,0.547994,0.054166
BOOKKEEPER,5,0.642068,0.273909,0.171254,Random Forest,Smote,No,Sensitive threshold,111,439,103,1,0.201818,0.991071,0.590554,0.070987
BOOKKEEPER,5,0.642068,0.273909,0.171254,Naive Bayes,Smote,No,Sensitive threshold,47,46,496,65,0.505376,0.419643,0.667386,0.358925
BOOKKEEPER,5,0.642068,0.273909,0.171254,Ibk,Smote,No,Sensitive threshold,75,159,383,37,0.320513,0.669643,0.688142,0.262751
BOOKKEEPER,6,0.818206,0.251810,0.081481,Random Forest,Smote,No,Sensitive threshold,50,426,194,5,0.105042,0.909091,0.610997,0.049467
BOOKKEEPER,6,0.818206,0.251810,0.081481,Naive Bayes,Smote,No,Sensitive threshold,45,88,532,10,0.338346,0.818182,0.838123,0.410795
BOOKKEEPER,6,0.818206,0.251810,0.081481,Ibk,Smote,No,Sensitive threshold,39,537,83,16,0.067708,0.709091,0.421481,-0.029540
BOOKKEEPER,1,0.081067,0.352159,0.375854,Random Forest,Smote,No,Sensitive learning,153,148,126,12,0.508306,0.927273,0.771843,0.332599
BOOKKEEPER,1,0.081067,0.352159,0.375854,Naive Bayes,Smote,No,Sensitive learning,153,265,9,12,0.366029,0.927273,0.718160,-0.030560
BOOKKEEPER,1,0.081067,0.352159,0.375854,Ibk,Smote,No,Sensitive learning,122,106,168,43,0.535088,0.739394,0.674408,0.327649
BOOKKEEPER,2,0.199300,0.366216,0.268793,Random Forest,Smote,No,Sensitive learning,0,0,321,118,NaN,0.000000,0.649282,0.000000
BOOKKEEPER,2,0.199300,0.366216,0.268793,Naive Bayes,Smote,No,Sensitive learning,23,9,312,95,0.718750,0.194915,0.659459,0.216851
BOOKKEEPER,2,0.199300,0.366216,0.268793,Ibk,Smote,No,Sensitive learning,6,4,317,112,0.600000,0.050847,0.508118,0.054020
BOOKKEEPER,3,0.317533,0.329941,0.237691,Random Forest,Smote,No,Sensitive learning,120,184,265,20,0.394737,0.857143,0.816250,0.318828
BOOKKEEPER,3,0.317533,0.329941,0.237691,Naive Bayes,Smote,No,Sensitive learning,60,5,444,80,0.923077,0.428571,0.768430,0.511775
BOOKKEEPER,3,0.317533,0.329941,0.237691,Ibk,Smote,No,Sensitive learning,81,54,395,59,0.600000,0.578571,0.729621,0.464006
BOOKKEEPER,4,0.476165,0.299208,0.201299,Random Forest,Smote,No,Sensitive learning,101,177,315,23,0.363309,0.814516,0.809271,0.310530
BOOKKEEPER,4,0.476165,0.299208,0.201299,Naive Bayes,Smote,No,Sensitive learning,46,34,458,78,0.575000,0.370968,0.824982,0.348050
BOOKKEEPER,4,0.476165,0.299208,0.201299,Ibk,Smote,No,Sensitive learning,86,294,198,38,0.226316,0.693548,0.573777,0.054166
BOOKKEEPER,5,0.642068,0.273909,0.171254,Random Forest,Smote,No,Sensitive learning,109,357,185,3,0.233906,0.973214,0.837482,0.139562
BOOKKEEPER,5,0.642068,0.273909,0.171254,Naive Bayes,Smote,No,Sensitive learning,47,46,496,65,0.505376,0.419643,0.833569,0.358925
BOOKKEEPER,5,0.642068,0.273909,0.171254,Ibk,Smote,No,Sensitive learning,75,159,383,37,0.320513,0.669643,0.698224,0.262751
BOOKKEEPER,6,0.818206,0.251810,0.081481,Random Forest,Smote,No,Sensitive learning,50,310,310,5,0.138889,0.909091,0.765630,0.115996
BOOKKEEPER,6,0.818206,0.251810,0.081481,Naive Bayes,Smote,No,Sensitive learning,45,88,532,10,0.338346,0.818182,0.877493,0.410795
BOOKKEEPER,6,0.818206,0.251810,0.081481,Ibk,Smote,No,Sensitive learning,39,537,83,16,0.067708,0.709091,0.421481,-0.029540
BOOKKEEPER,1,0.081067,0.352159,0.375854,Random Forest,No,Best First,No,112,71,203,53,0.612022,0.678788,0.758427,0.410751
BOOKKEEPER,1,0.081067,0.352159,0.375854,Naive Bayes,No,Best First,No,102,104,170,63,0.495146,0.618182,0.628622,0.227381
BOOKKEEPER,1,0.081067,0.352159,0.375854,Ibk,No,Best First,No,100,89,185,65,0.529101,0.606061,0.664068,0.273335
BOOKKEEPER,2,0.199300,0.366216,0.268793,Random Forest,No,Best First,No,0,0,321,118,NaN,0.000000,0.686071,0.000000
BOOKKEEPER,2,0.199300,0.366216,0.268793,Naive Bayes,No,Best First,No,16,3,318,102,0.842105,0.135593,0.714438,0.171832
BOOKKEEPER,2,0.199300,0.366216,0.268793,Ibk,No,Best First,No,0,0,321,118,NaN,0.000000,0.603741,0.000000
BOOKKEEPER,3,0.317533,0.329941,0.237691,Random Forest,No,Best First,No,60,26,423,80,0.697674,0.428571,0.844575,0.427390
BOOKKEEPER,3,0.317533,0.329941,0.237691,Naive Bayes,No,Best First,No,40,23,426,100,0.634921,0.285714,0.783702,0.289227
BOOKKEEPER,3,0.317533,0.329941,0.237691,Ibk,No,Best First,No,49,36,413,91,0.576471,0.350000,0.707883,0.311998
BOOKKEEPER,4,0.476165,0.299208,0.201299,Random Forest,No,Best First,No,67,81,411,57,0.452703,0.540323,0.759105,0.350330
BOOKKEEPER,4,0.476165,0.299208,0.201299,Naive Bayes,No,Best First,No,46,23,469,78,0.666667,0.370968,0.834268,0.388697
BOOKKEEPER,4,0.476165,0.299208,0.201299,Ibk,No,Best First,No,63,75,417,61,0.456522,0.508065,0.733494,0.341218
BOOKKEEPER,5,0.642068,0.273909,0.171254,Random Forest,No,Best First,No,58,111,431,54,0.343195,0.517857,0.734952,0.260475
BOOKKEEPER,5,0.642068,0.273909,0.171254,Naive Bayes,No,Best First,No,16,6,536,96,0.727273,0.142857,0.832227,0.193452
BOOKKEEPER,5,0.642068,0.273909,0.171254,Ibk,No,Best First,No,57,98,444,55,0.367742,0.508929,0.732827,0.284750
BOOKKEEPER,6,0.818206,0.251810,0.081481,Random Forest,No,Best First,No,30,117,503,25,0.204082,0.545455,0.734795,0.202446
BOOKKEEPER,6,0.818206,0.251810,0.081481,Naive Bayes,No,Best First,No,20,10,610,35,0.666667,0.363636,0.860953,0.438280
BOOKKEEPER,6,0.818206,0.251810,0.081481,Ibk,No,Best First,No,25,133,487,30,0.158228,0.454545,0.664853,0.129515
BOOKKEEPER,1,0.081067,0.352159,0.375854,Random Forest,No,Best First,Sensitive threshold,152,200,74,13,0.431818,0.921212,0.595643,0.156097
BOOKKEEPER,1,0.081067,0.352159,0.375854,Naive Bayes,No,Best First,Sensitive threshold,146,273,1,19,0.348449,0.884848,0.444249,-0.085364
BOOKKEEPER,1,0.081067,0.352159,0.375854,Ibk,No,Best First,Sensitive threshold,100,90,184,65,0.526316,0.606061,0.638797,0.269472
BOOKKEEPER,2,0.199300,0.366216,0.268793,Random Forest,No,Best First,Sensitive threshold,6,3,318,112,0.666667,0.050847,0.520751,0.058625
BOOKKEEPER,2,0.199300,0.366216,0.268793,Naive Bayes,No,Best First,Sensitive threshold,25,11,310,93,0.694444,0.211864,0.588798,0.227610
BOOKKEEPER,2,0.199300,0.366216,0.268793,Ibk,No,Best First,Sensitive threshold,0,0,321,118,NaN,0.000000,0.500000,0.000000
BOOKKEEPER,3,0.317533,0.329941,0.237691,Random Forest,No,Best First,Sensitive threshold,122,193,256,18,0.387302,0.871429,0.720792,0.308774
BOOKKEEPER,3,0.317533,0.329941,0.237691,Naive Bayes,No,Best First,Sensitive threshold,65,49,400,75,0.570175,0.464286,0.677577,0.379399
BOOKKEEPER,3,0.317533,0.329941,0.237691,Ibk,No,Best First,Sensitive threshold,49,37,412,91,0.569767,0.350000,0.633797,0.308546
BOOKKEEPER,4,0.476165,0.299208,0.201299,Random Forest,No,Best First,Sensitive threshold,92,155,337,32,0.372470,0.741935,0.713447,0.311382
BOOKKEEPER,4,0.476165,0.299208,0.201299,Naive Bayes,No,Best First,Sensitive threshold,77,58,434,47,0.570370,0.620968,0.751541,0.486927
BOOKKEEPER,4,0.476165,0.299208,0.201299,Ibk,No,Best First,Sensitive threshold,68,117,375,56,0.367568,0.548387,0.655291,0.262321
BOOKKEEPER,5,0.642068,0.273909,0.171254,Random Forest,No,Best First,Sensitive threshold,81,216,326,31,0.272727,0.723214,0.662345,0.196160
BOOKKEEPER,5,0.642068,0.273909,0.171254,Naive Bayes,No,Best First,Sensitive threshold,68,86,456,44,0.441558,0.607143,0.724236,0.390398
BOOKKEEPER,5,0.642068,0.273909,0.171254,Ibk,No,Best First,Sensitive threshold,63,144,398,49,0.304348,0.562500,0.648409,0.222091
BOOKKEEPER,6,0.818206,0.251810,0.081481,Random Forest,No,Best First,Sensitive threshold,45,336,284,10,0.118110,0.818182,0.638123,0.074646
BOOKKEEPER,6,0.818206,0.251810,0.081481,Naive Bayes,No,Best First,Sensitive threshold,42,69,551,13,0.378378,0.763636,0.826173,0.445613
BOOKKEEPER,6,0.818206,0.251810,0.081481,Ibk,No,Best First,Sensitive threshold,25,137,483,30,0.154321,0.454545,0.616789,0.123820
BOOKKEEPER,1,0.081067,0.352159,0.375854,Random Forest,No,Best First,Sensitive learning,135,125,149,30,0.519231,0.818182,0.764057,0.324783
BOOKKEEPER,1,0.081067,0.352159,0.375854,Naive Bayes,No,Best First,Sensitive learning,145,273,1,20,0.346890,0.878788,0.628622,-0.090087
BOOKKEEPER,1,0.081067,0.352159,0.375854,Ibk,No,Best First,Sensitive learning,100,90,184,65,0.526316,0.606061,0.664068,0.269472
BOOKKEEPER,2,0.199300,0.366216,0.268793,Random Forest,No,Best First,Sensitive learning,0,0,321,118,NaN,0.000000,0.674600,0.000000
BOOKKEEPER,2,0.199300,0.366216,0.268793,Naive Bayes,No,Best First,Sensitive learning,25,11,310,93,0.694444,0.211864,0.714438,0.227610
BOOKKEEPER,2,0.199300,0.366216,0.268793,Ibk,No,Best First,Sensitive learning,0,0,321,118,NaN,0.000000,0.603741,0.000000
BOOKKEEPER,3,0.317533,0.329941,0.237691,Random Forest,No,Best First,Sensitive learning,105,89,360,35,0.541237,0.750000,0.844687,0.487128
BOOKKEEPER,3,0.317533,0.329941,0.237691,Naive Bayes,No,Best First,Sensitive learning,65,49,400,75,0.570175,0.464286,0.783702,0.379399
BOOKKEEPER,3,0.317533,0.329941,0.237691,Ibk,No,Best First,Sensitive learning,49,37,412,91,0.569767,0.350000,0.707883,0.308546
BOOKKEEPER,4,0.476165,0.299208,0.201299,Random Forest,No,Best First,Sensitive learning,94,169,323,30,0.357414,0.758065,0.761679,0.292109
BOOKKEEPER,4,0.476165,0.299208,0.201299,Naive Bayes,No,Best First,Sensitive learning,77,58,434,47,0.570370,0.620968,0.834268,0.486927
BOOKKEEPER,4,0.476165,0.299208,0.201299,Ibk,No,Best First,Sensitive learning,68,117,375,56,0.367568,0.548387,0.733461,0.262321
BOOKKEEPER,5,0.642068,0.273909,0.171254,Random Forest,No,Best First,Sensitive learning,84,232,310,28,0.265823,0.750000,0.730034,0.186909
BOOKKEEPER,5,0.642068,0.273909,0.171254,Naive Bayes,No,Best First,Sensitive learning,68,86,456,44,0.441558,0.607143,0.832227,0.390398
BOOKKEEPER,5,0.642068,0.273909,0.171254,Ibk,No,Best First,Sensitive learning,63,144,398,49,0.304348,0.562500,0.732884,0.222091
BOOKKEEPER,6,0.818206,0.251810,0.081481,Random Forest,No,Best First,Sensitive learning,42,256,364,13,0.140940,0.763636,0.744692,0.116402
BOOKKEEPER,6,0.818206,0.251810,0.081481,Naive Bayes,No,Best First,Sensitive learning,42,69,551,13,0.378378,0.763636,0.860953,0.445613
BOOKKEEPER,6,0.818206,0.251810,0.081481,Ibk,No,Best First,Sensitive learning,25,137,483,30,0.154321,0.454545,0.664853,0.123820
BOOKKEEPER,1,0.081067,0.352159,0.375854,Random Forest,Oversampling,Best First,No,117,91,183,48,0.562500,0.709091,0.749060,0.358396
BOOKKEEPER,1,0.081067,0.352159,0.375854,Naive Bayes,Oversampling,Best First,No,92,47,227,73,0.661871,0.557576,0.791661,0.398534
BOOKKEEPER,1,0.081067,0.352159,0.375854,Ibk,Oversampling,Best First,No,97,102,172,68,0.487437,0.587879,0.584185,0.207127
BOOKKEEPER,2,0.199300,0.366216,0.268793,Random Forest,Oversampling,Best First,No,0,0,321,118,NaN,0.000000,0.439780,0.000000
BOOKKEEPER,2,0.199300,0.366216,0.268793,Naive Bayes,Oversampling,Best First,No,9,1,320,109,0.900000,0.076271,0.703245,0.102950
BOOKKEEPER,2,0.199300,0.366216,0.268793,Ibk,Oversampling,Best First,No,0,0,321,118,NaN,0.000000,0.514705,0.000000
BOOKKEEPER,3,0.317533,0.329941,0.237691,Random Forest,Oversampling,Best First,No,103,91,358,37,0.530928,0.735714,0.852307,0.470584
BOOKKEEPER,3,0.317533,0.329941,0.237691,Naive Bayes,Oversampling,Best First,No,61,47,402,79,0.564815,0.435714,0.763976,0.359296
BOOKKEEPER,3,0.317533,0.329941,0.237691,Ibk,Oversampling,Best First,No,75,47,402,65,0.614754,0.535714,0.742006,0.450990
BOOKKEEPER,4,0.476165,0.299208,0.201299,Random Forest,Oversampling,Best First,No,81,110,382,43,0.424084,0.653226,0.773235,0.357423
BOOKKEEPER,4,0.476165,0.299208,0.201299,Naive Bayes,Oversampling,Best First,No,51,23,469,73,0.689189,0.411290,0.839029,0.429277
BOOKKEEPER,4,0.476165,0.299208,0.201299,Ibk,Oversampling,Best First,No,80,113,379,44,0.414508,0.645161,0.738420,0.343916
BOOKKEEPER,5,0.642068,0.273909,0.171254,Random Forest,Oversampling,Best First,No,73,169,373,39,0.301653,0.651786,0.757775,0.232793
BOOKKEEPER,5,0.642068,0.273909,0.171254,Naive Bayes,Oversampling,Best First,No,55,56,486,57,0.495495,0.491071,0.827812,0.389129
BOOKKEEPER,5,0.642068,0.273909,0.171254,Ibk,Oversampling,Best First,No,73,162,380,39,0.310638,0.651786,0.703314,0.245809
BOOKKEEPER,6,0.818206,0.251810,0.081481,Random Forest,Oversampling,Best First,No,43,215,405,12,0.166667,0.781818,0.775132,0.162224
BOOKKEEPER,6,0.818206,0.251810,0.081481,Naive Bayes,Oversampling,Best First,No,24,10,610,31,0.705882,0.436364,0.863695,0.508742
BOOKKEEPER,6,0.818206,0.251810,0.081481,Ibk,Oversampling,Best First,No,41,187,433,14,0.179825,0.745455,0.733211,0.182410
BOOKKEEPER,1,0.081067,0.352159,0.375854,Random Forest,Oversampling,Best First,Sensitive threshold,153,221,53,12,0.409091,0.927273,0.560352,0.096413
BOOKKEEPER,1,0.081067,0.352159,0.375854,Naive Bayes,Oversampling,Best First,Sensitive threshold,130,87,187,35,0.599078,0.787879,0.735180,0.442615
BOOKKEEPER,1,0.081067,0.352159,0.375854,Ibk,Oversampling,Best First,Sensitive threshold,97,102,172,68,0.487437,0.587879,0.607808,0.207127
BOOKKEEPER,2,0.199300,0.366216,0.268793,Random Forest,Oversampling,Best First,Sensitive threshold,5,1,320,113,0.833333,0.042373,0.519629,0.056092
BOOKKEEPER,2,0.199300,0.366216,0.268793,Naive Bayes,Oversampling,Best First,Sensitive threshold,20,4,317,98,0.833333,0.169492,0.578515,0.209902
BOOKKEEPER,2,0.199300,0.366216,0.268793,Ibk,Oversampling,Best First,Sensitive threshold,0,0,321,118,NaN,0.000000,0.500000,0.000000
BOOKKEEPER,3,0.317533,0.329941,0.237691,Random Forest,Oversampling,Best First,Sensitive threshold,131,261,188,9,0.334184,0.935714,0.677211,0.218864
BOOKKEEPER,3,0.317533,0.329941,0.237691,Naive Bayes,Oversampling,Best First,Sensitive threshold,78,74,375,62,0.513158,0.557143,0.696166,0.381092
BOOKKEEPER,3,0.317533,0.329941,0.237691,Ibk,Oversampling,Best First,Sensitive threshold,75,48,401,65,0.609756,0.535714,0.714405,0.447508
BOOKKEEPER,4,0.476165,0.299208,0.201299,Random Forest,Oversampling,Best First,Sensitive threshold,104,236,256,20,0.305882,0.838710,0.679517,0.217405
BOOKKEEPER,4,0.476165,0.299208,0.201299,Naive Bayes,Oversampling,Best First,Sensitive threshold,88,107,385,36,0.451282,0.709677,0.746099,0.405389
BOOKKEEPER,4,0.476165,0.299208,0.201299,Ibk,Oversampling,Best First,Sensitive threshold,85,143,349,39,0.372807,0.685484,0.697417,0.300559
BOOKKEEPER,5,0.642068,0.273909,0.171254,Random Forest,Oversampling,Best First,Sensitive threshold,96,275,267,16,0.258760,0.857143,0.674881,0.182423
BOOKKEEPER,5,0.642068,0.273909,0.171254,Naive Bayes,Oversampling,Best First,Sensitive threshold,104,284,258,8,0.268041,0.928571,0.702293,0.204592
BOOKKEEPER,5,0.642068,0.273909,0.171254,Ibk,Oversampling,Best First,Sensitive threshold,75,182,360,37,0.291829,0.669643,0.666925,0.220573
BOOKKEEPER,6,0.818206,0.251810,0.081481,Random Forest,Oversampling,Best First,Sensitive threshold,51,354,266,4,0.125926,0.927273,0.678152,0.091371
BOOKKEEPER,6,0.818206,0.251810,0.081481,Naive Bayes,Oversampling,Best First,Sensitive threshold,47,112,508,8,0.295597,0.854545,0.836950,0.362004
BOOKKEEPER,6,0.818206,0.251810,0.081481,Ibk,Oversampling,Best First,Sensitive threshold,41,188,432,14,0.179039,0.745455,0.721114,0.181130
BOOKKEEPER,1,0.081067,0.352159,0.375854,Random Forest,Oversampling,Best First,Sensitive learning,139,146,128,26,0.487719,0.842424,0.762387,0.270454
BOOKKEEPER,1,0.081067,0.352159,0.375854,Naive Bayes,Oversampling,Best First,Sensitive learning,128,86,188,37,0.598131,0.775758,0.791418,0.436127
BOOKKEEPER,1,0.081067,0.352159,0.375854,Ibk,Oversampling,Best First,Sensitive learning,97,102,172,68,0.487437,0.587879,0.584185,0.207127
BOOKKEEPER,2,0.199300,0.366216,0.268793,Random Forest,Oversampling,Best First,Sensitive learning,3,0,321,115,1.000000,0.025424,0.565394,0.036748
BOOKKEEPER,2,0.199300,0.366216,0.268793,Naive Bayes,Oversampling,Best First,Sensitive learning,20,4,317,98,0.833333,0.169492,0.703245,0.209902
BOOKKEEPER,2,0.199300,0.366216,0.268793,Ibk,Oversampling,Best First,Sensitive learning,0,0,321,118,NaN,0.000000,0.514705,0.000000
BOOKKEEPER,3,0.317533,0.329941,0.237691,Random Forest,Oversampling,Best First,Sensitive learning,128,220,229,12,0.367816,0.914286,0.861048,0.280770
BOOKKEEPER,3,0.317533,0.329941,0.237691,Naive Bayes,Oversampling,Best First,Sensitive learning,78,74,375,62,0.513158,0.557143,0.764015,0.381092
BOOKKEEPER,3,0.317533,0.329941,0.237691,Ibk,Oversampling,Best First,Sensitive learning,75,48,401,65,0.609756,0.535714,0.742006,0.447508
BOOKKEEPER,4,0.476165,0.299208,0.201299,Random Forest,Oversampling,Best First,Sensitive learning,108,265,227,16,0.289544,0.870968,0.775341,0.189808
BOOKKEEPER,4,0.476165,0.299208,0.201299,Naive Bayes,Oversampling,Best First,Sensitive learning,88,107,385,36,0.451282,0.709677,0.839029,0.405389
BOOKKEEPER,4,0.476165,0.299208,0.201299,Ibk,Oversampling,Best First,Sensitive learning,85,143,349,39,0.372807,0.685484,0.738469,0.300559
BOOKKEEPER,5,0.642068,0.273909,0.171254,Random Forest,Oversampling,Best First,Sensitive learning,102,327,215,10,0.237762,0.910714,0.748501,0.144809
BOOKKEEPER,5,0.642068,0.273909,0.171254,Naive Bayes,Oversampling,Best First,Sensitive learning,103,235,307,9,0.304734,0.919643,0.827812,0.269969
BOOKKEEPER,5,0.642068,0.273909,0.171254,Ibk,Oversampling,Best First,Sensitive learning,75,182,360,37,0.291829,0.669643,0.703314,0.220573
BOOKKEEPER,6,0.818206,0.251810,0.081481,Random Forest,Oversampling,Best First,Sensitive learning,51,354,266,4,0.125926,0.927273,0.803240,0.091371
BOOKKEEPER,6,0.818206,0.251810,0.081481,Naive Bayes,Oversampling,Best First,Sensitive learning,47,110,510,8,0.299363,0.854545,0.863695,0.367003
BOOKKEEPER,6,0.818206,0.251810,0.081481,Ibk,Oversampling,Best First,Sensitive learning,41,188,432,14,0.179039,0.745455,0.733211,0.181130
BOOKKEEPER,1,0.081067,0.352159,0.375854,Random Forest,Undersampling,Best First,No,114,79,195,51,0.590674,0.690909,0.759611,0.389443
BOOKKEEPER,1,0.081067,0.352159,0.375854,Naive Bayes,Undersampling,Best First,No,91,43,231,74,0.679104,0.551515,0.792480,0.409899
BOOKKEEPER,1,0.081067,0.352159,0.375854,Ibk,Undersampling,Best First,No,102,94,180,63,0.520408,0.618182,0.642579,0.265205
BOOKKEEPER,2,0.199300,0.366216,0.268793,Random Forest,Undersampling,Best First,No,0,0,321,118,NaN,0.000000,0.711046,0.000000
BOOKKEEPER,2,0.199300,0.366216,0.268793,Naive Bayes,Undersampling,Best First,No,13,2,319,105,0.866667,0.110169,0.707693,0.143563
BOOKKEEPER,2,0.199300,0.366216,0.268793,Ibk,Undersampling,Best First,No,1,0,321,117,1.000000,0.008475,0.612770,0.012345
BOOKKEEPER,3,0.317533,0.329941,0.237691,Random Forest,Undersampling,Best First,No,95,68,381,45,0.582822,0.678571,0.850493,0.498920
BOOKKEEPER,3,0.317533,0.329941,0.237691,Naive Bayes,Undersampling,Best First,No,39,18,431,101,0.684211,0.278571,0.791282,0.299601
BOOKKEEPER,3,0.317533,0.329941,0.237691,Ibk,Undersampling,Best First,No,77,47,402,63,0.620968,0.550000,0.744289,0.463552
BOOKKEEPER,4,0.476165,0.299208,0.201299,Random Forest,Undersampling,Best First,No,87,142,350,37,0.379913,0.701613,0.788347,0.313664
BOOKKEEPER,4,0.476165,0.299208,0.201299,Naive Bayes,Undersampling,Best First,No,51,24,468,73,0.680000,0.411290,0.834833,0.425373
BOOKKEEPER,4,0.476165,0.299208,0.201299,Ibk,Undersampling,Best First,No,84,123,369,40,0.405797,0.677419,0.751336,0.341846
BOOKKEEPER,5,0.642068,0.273909,0.171254,Random Forest,Undersampling,Best First,No,79,188,354,33,0.295880,0.705357,0.776316,0.231439
BOOKKEEPER,5,0.642068,0.273909,0.171254,Naive Bayes,Undersampling,Best First,No,27,21,521,85,0.562500,0.241071,0.831065,0.261631
BOOKKEEPER,5,0.642068,0.273909,0.171254,Ibk,Undersampling,Best First,No,77,165,377,35,0.318182,0.687500,0.709665,0.262301
BOOKKEEPER,6,0.818206,0.251810,0.081481,Random Forest,Undersampling,Best First,No,45,240,380,10,0.157895,0.818182,0.772346,0.148372
BOOKKEEPER,6,0.818206,0.251810,0.081481,Naive Bayes,Undersampling,Best First,No,25,9,611,30,0.735294,0.454545,0.870880,0.532706
BOOKKEEPER,6,0.818206,0.251810,0.081481,Ibk,Undersampling,Best First,No,41,225,395,14,0.154135,0.745455,0.693974,0.139210
BOOKKEEPER,1,0.081067,0.352159,0.375854,Random Forest,Undersampling,Best First,Sensitive threshold,155,223,51,10,0.410053,0.939394,0.562763,0.099879
BOOKKEEPER,1,0.081067,0.352159,0.375854,Naive Bayes,Undersampling,Best First,Sensitive threshold,123,81,193,42,0.602941,0.745455,0.724917,0.429635
BOOKKEEPER,1,0.081067,0.352159,0.375854,Ibk,Undersampling,Best First,Sensitive threshold,102,94,180,63,0.520408,0.618182,0.637558,0.265205
BOOKKEEPER,2,0.199300,0.366216,0.268793,Random Forest,Undersampling,Best First,Sensitive threshold,6,4,317,112,0.600000,0.050847,0.519193,0.054020
BOOKKEEPER,2,0.199300,0.366216,0.268793,Naive Bayes,Undersampling,Best First,Sensitive threshold,27,11,310,91,0.710526,0.228814,0.597273,0.247631
BOOKKEEPER,2,0.199300,0.366216,0.268793,Ibk,Undersampling,Best First,Sensitive threshold,1,0,321,117,1.000000,0.008475,0.504237,0.012345
BOOKKEEPER,3,0.317533,0.329941,0.237691,Random Forest,Undersampling,Best First,Sensitive threshold,136,281,168,4,0.326139,0.971429,0.672797,0.205610
BOOKKEEPER,3,0.317533,0.329941,0.237691,Naive Bayes,Undersampling,Best First,Sensitive threshold,90,80,369,50,0.529412,0.642857,0.732342,0.432773
BOOKKEEPER,3,0.317533,0.329941,0.237691,Ibk,Undersampling,Best First,Sensitive threshold,77,49,400,63,0.611111,0.550000,0.720434,0.456579
BOOKKEEPER,4,0.476165,0.299208,0.201299,Random Forest,Undersampling,Best First,Sensitive threshold,106,230,262,18,0.315476,0.854839,0.693680,0.236282
BOOKKEEPER,4,0.476165,0.299208,0.201299,Naive Bayes,Undersampling,Best First,Sensitive threshold,86,85,407,38,0.502924,0.693548,0.760392,0.456127
BOOKKEEPER,4,0.476165,0.299208,0.201299,Ibk,Undersampling,Best First,Sensitive threshold,89,170,322,35,0.343629,0.717742,0.686107,0.264514
BOOKKEEPER,5,0.642068,0.273909,0.171254,Random Forest,Undersampling,Best First,Sensitive threshold,100,303,239,12,0.248139,0.892857,0.666908,0.164388
BOOKKEEPER,5,0.642068,0.273909,0.171254,Naive Bayes,Undersampling,Best First,Sensitive threshold,112,541,1,0,0.171516,1.000000,0.500923,0.000633
BOOKKEEPER,5,0.642068,0.273909,0.171254,Ibk,Undersampling,Best First,Sensitive threshold,80,213,329,32,0.273038,0.714286,0.660648,0.195786
BOOKKEEPER,6,0.818206,0.251810,0.081481,Random Forest,Undersampling,Best First,Sensitive threshold,51,431,189,4,0.105809,0.927273,0.616056,0.051154
BOOKKEEPER,6,0.818206,0.251810,0.081481,Naive Bayes,Undersampling,Best First,Sensitive threshold,55,619,1,0,0.081602,1.000000,0.500806,0.000263
BOOKKEEPER,6,0.818206,0.251810,0.081481,Ibk,Undersampling,Best First,Sensitive threshold,41,226,394,14,0.153558,0.745455,0.690469,0.138206
BOOKKEEPER,1,0.081067,0.352159,0.375854,Random Forest,Undersampling,Best First,Sensitive learning,142,148,126,23,0.489655,0.860606,0.756857,0.278495
BOOKKEEPER,1,0.081067,0.352159,0.375854,Naive Bayes,Undersampling,Best First,Sensitive learning,122,81,193,43,0.600985,0.739394,0.792457,0.424335
BOOKKEEPER,1,0.081067,0.352159,0.375854,Ibk,Undersampling,Best First,Sensitive learning,102,94,180,63,0.520408,0.618182,0.642579,0.265205
BOOKKEEPER,2,0.199300,0.366216,0.268793,Random Forest,Undersampling,Best First,Sensitive learning,5,4,317,113,0.555556,0.042373,0.458406,0.042253
BOOKKEEPER,2,0.199300,0.366216,0.268793,Naive Bayes,Undersampling,Best First,Sensitive learning,27,11,310,91,0.710526,0.228814,0.707693,0.247631
BOOKKEEPER,2,0.199300,0.366216,0.268793,Ibk,Undersampling,Best First,Sensitive learning,1,0,321,117,1.000000,0.008475,0.612770,0.012345
BOOKKEEPER,3,0.317533,0.329941,0.237691,Random Forest,Undersampling,Best First,Sensitive learning,132,254,195,8,0.341969,0.942857,0.840089,0.235042
BOOKKEEPER,3,0.317533,0.329941,0.237691,Naive Bayes,Undersampling,Best First,Sensitive learning,90,80,369,50,0.529412,0.642857,0.791282,0.432773
BOOKKEEPER,3,0.317533,0.329941,0.237691,Ibk,Undersampling,Best First,Sensitive learning,77,49,400,63,0.611111,0.550000,0.744289,0.456579
BOOKKEEPER,4,0.476165,0.299208,0.201299,Random Forest,Undersampling,Best First,Sensitive learning,111,284,208,13,0.281013,0.895161,0.786331,0.174940
BOOKKEEPER,4,0.476165,0.299208,0.201299,Naive Bayes,Undersampling,Best First,Sensitive learning,86,85,407,38,0.502924,0.693548,0.834833,0.456127
BOOKKEEPER,4,0.476165,0.299208,0.201299,Ibk,Undersampling,Best First,Sensitive learning,89,170,322,35,0.343629,0.717742,0.751205,0.264514
BOOKKEEPER,5,0.642068,0.273909,0.171254,Random Forest,Undersampling,Best First,Sensitive learning,106,360,182,6,0.227468,0.946429,0.759102,0.125221
BOOKKEEPER,5,0.642068,0.273909,0.171254,Naive Bayes,Undersampling,Best First,Sensitive learning,112,541,1,0,0.171516,1.000000,0.831065,0.000633
BOOKKEEPER,5,0.642068,0.273909,0.171254,Ibk,Undersampling,Best First,Sensitive learning,80,213,329,32,0.273038,0.714286,0.709517,0.195786
BOOKKEEPER,6,0.818206,0.251810,0.081481,Random Forest,Undersampling,Best First,Sensitive learning,51,387,233,4,0.116438,0.927273,0.789809,0.072630
BOOKKEEPER,6,0.818206,0.251810,0.081481,Naive Bayes,Undersampling,Best First,Sensitive learning,55,619,1,0,0.081602,1.000000,0.870880,0.000263
BOOKKEEPER,6,0.818206,0.251810,0.081481,Ibk,Undersampling,Best First,Sensitive learning,41,226,394,14,0.153558,0.745455,0.693974,0.138206
BOOKKEEPER,1,0.081067,0.352159,0.375854,Random Forest,Smote,Best First,No,111,86,188,54,0.563452,0.672727,0.741340,0.345530
BOOKKEEPER,1,0.081067,0.352159,0.375854,Naive Bayes,Smote,Best First,No,125,183,91,40,0.405844,0.757576,0.645698,0.076504
BOOKKEEPER,1,0.081067,0.352159,0.375854,Ibk,Smote,Best First,No,101,92,182,64,0.523316,0.612121,0.661270,0.267331
BOOKKEEPER,2,0.199300,0.366216,0.268793,Random Forest,Smote,Best First,No,0,0,321,118,NaN,0.000000,0.710967,0.000000
BOOKKEEPER,2,0.199300,0.366216,0.268793,Naive Bayes,Smote,Best First,No,16,3,318,102,0.842105,0.135593,0.724814,0.171832
BOOKKEEPER,2,0.199300,0.366216,0.268793,Ibk,Smote,Best First,No,0,0,321,118,NaN,0.000000,0.603741,0.000000
BOOKKEEPER,3,0.317533,0.329941,0.237691,Random Forest,Smote,Best First,No,56,27,422,84,0.674699,0.400000,0.833256,0.395238
BOOKKEEPER,3,0.317533,0.329941,0.237691,Naive Bayes,Smote,Best First,No,47,25,424,93,0.652778,0.335714,0.816115,0.336230
BOOKKEEPER,3,0.317533,0.329941,0.237691,Ibk,Smote,Best First,No,49,36,413,91,0.576471,0.350000,0.707883,0.311998
BOOKKEEPER,4,0.476165,0.299208,0.201299,Random Forest,Smote,Best First,No,68,90,402,56,0.430380,0.548387,0.754565,0.331470
BOOKKEEPER,4,0.476165,0.299208,0.201299,Naive Bayes,Smote,Best First,No,60,31,461,64,0.659341,0.483871,0.858387,0.467380
BOOKKEEPER,4,0.476165,0.299208,0.201299,Ibk,Smote,Best First,No,64,81,411,60,0.441379,0.516129,0.733527,0.330559
BOOKKEEPER,5,0.642068,0.273909,0.171254,Random Forest,Smote,Best First,No,59,112,430,53,0.345029,0.526786,0.730117,0.264808
BOOKKEEPER,5,0.642068,0.273909,0.171254,Naive Bayes,Smote,Best First,No,28,14,528,84,0.666667,0.250000,0.849796,0.298068
BOOKKEEPER,5,0.642068,0.273909,0.171254,Ibk,Smote,Best First,No,58,103,439,54,0.360248,0.517857,0.733082,0.279341
BOOKKEEPER,6,0.818206,0.251810,0.081481,Random Forest,Smote,Best First,No,31,118,502,24,0.208054,0.563636,0.734633,0.209876
BOOKKEEPER,6,0.818206,0.251810,0.081481,Naive Bayes,Smote,Best First,No,26,14,606,29,0.650000,0.472727,0.882097,0.514023
BOOKKEEPER,6,0.818206,0.251810,0.081481,Ibk,Smote,Best First,No,25,138,482,30,0.153374,0.454545,0.659883,0.122427
BOOKKEEPER,1,0.081067,0.352159,0.375854,Random Forest,Smote,Best First,Sensitive threshold,150,208,66,15,0.418994,0.909091,0.574983,0.121661
BOOKKEEPER,1,0.081067,0.352159,0.375854,Naive Bayes,Smote,Best First,Sensitive threshold,146,273,1,19,0.348449,0.884848,0.444249,-0.085364
BOOKKEEPER,1,0.081067,0.352159,0.375854,Ibk,Smote,Best First,Sensitive threshold,101,93,181,64,0.520619,0.612121,0.636353,0.263494
BOOKKEEPER,2,0.199300,0.366216,0.268793,Random Forest,Smote,Best First,Sensitive threshold,6,3,318,112,0.666667,0.050847,0.520751,0.058625
BOOKKEEPER,2,0.199300,0.366216,0.268793,Naive Bayes,Smote,Best First,Sensitive threshold,26,11,310,92,0.702703,0.220339,0.593036,0.237654
BOOKKEEPER,2,0.199300,0.366216,0.268793,Ibk,Smote,Best First,Sensitive threshold,0,0,321,118,NaN,0.000000,0.500000,0.000000
BOOKKEEPER,3,0.317533,0.329941,0.237691,Random Forest,Smote,Best First,Sensitive threshold,129,215,234,11,0.375000,0.921429,0.721293,0.294783
BOOKKEEPER,3,0.317533,0.329941,0.237691,Naive Bayes,Smote,Best First,Sensitive threshold,82,72,377,58,0.532468,0.585714,0.712679,0.411208
BOOKKEEPER,3,0.317533,0.329941,0.237691,Ibk,Smote,Best First,Sensitive threshold,49,37,412,91,0.569767,0.350000,0.633797,0.308546
BOOKKEEPER,4,0.476165,0.299208,0.201299,Random Forest,Smote,Best First,Sensitive threshold,92,153,339,32,0.375510,0.741935,0.715480,0.315736
BOOKKEEPER,4,0.476165,0.299208,0.201299,Naive Bayes,Smote,Best First,Sensitive threshold,90,111,381,34,0.447761,0.725806,0.750098,0.405927
BOOKKEEPER,4,0.476165,0.299208,0.201299,Ibk,Smote,Best First,Sensitive threshold,68,118,374,56,0.365591,0.548387,0.654275,0.259943
BOOKKEEPER,5,0.642068,0.273909,0.171254,Random Forest,Smote,Best First,Sensitive threshold,84,218,324,28,0.278146,0.750000,0.673893,0.207889
BOOKKEEPER,5,0.642068,0.273909,0.171254,Naive Bayes,Smote,Best First,Sensitive threshold,112,542,0,0,0.171254,1.000000,0.500000,0.000000
BOOKKEEPER,5,0.642068,0.273909,0.171254,Ibk,Smote,Best First,Sensitive threshold,64,147,395,48,0.303318,0.571429,0.650105,0.222274
BOOKKEEPER,6,0.818206,0.251810,0.081481,Random Forest,Smote,Best First,Sensitive threshold,47,357,263,8,0.116337,0.854545,0.639370,0.071632
BOOKKEEPER,6,0.818206,0.251810,0.081481,Naive Bayes,Smote,Best First,Sensitive threshold,48,139,481,7,0.256684,0.872727,0.824267,0.309777
BOOKKEEPER,6,0.818206,0.251810,0.081481,Ibk,Smote,Best First,Sensitive threshold,25,142,478,30,0.149701,0.454545,0.612757,0.116976
BOOKKEEPER,1,0.081067,0.352159,0.375854,Random Forest,Smote,Best First,Sensitive learning,140,138,136,25,0.503597,0.848485,0.751471,0.303493
BOOKKEEPER,1,0.081067,0.352159,0.375854,Naive Bayes,Smote,Best First,Sensitive learning,146,273,1,19,0.348449,0.884848,0.645698,-0.085364
BOOKKEEPER,1,0.081067,0.352159,0.375854,Ibk,Smote,Best First,Sensitive learning,101,93,181,64,0.520619,0.612121,0.661270,0.263494
BOOKKEEPER,2,0.199300,0.366216,0.268793,Random Forest,Smote,Best First,Sensitive learning,4,1,320,114,0.800000,0.033898,0.543957,0.044152
BOOKKEEPER,2,0.199300,0.366216,0.268793,Naive Bayes,Smote,Best First,Sensitive learning,26,11,310,92,0.702703,0.220339,0.724814,0.237654
BOOKKEEPER,2,0.199300,0.366216,0.268793,Ibk,Smote,Best First,Sensitive learning,0,0,321,118,NaN,0.000000,0.603741,0.000000
BOOKKEEPER,3,0.317533,0.329941,0.237691,Random Forest,Smote,Best First,Sensitive learning,112,128,321,28,0.466667,0.800000,0.850955,0.413332
BOOKKEEPER,3,0.317533,0.329941,0.237691,Naive Bayes,Smote,Best First,Sensitive learning,82,72,377,58,0.532468,0.585714,0.816115,0.411208
BOOKKEEPER,3,0.317533,0.329941,0.237691,Ibk,Smote,Best First,Sensitive learning,49,37,412,91,0.569767,0.350000,0.707883,0.308546
BOOKKEEPER,4,0.476165,0.299208,0.201299,Random Forest,Smote,Best First,Sensitive learning,98,187,305,26,0.343860,0.790323,0.764875,0.276150
BOOKKEEPER,4,0.476165,0.299208,0.201299,Naive Bayes,Smote,Best First,Sensitive learning,89,99,393,35,0.473404,0.717742,0.858387,0.432952
BOOKKEEPER,4,0.476165,0.299208,0.201299,Ibk,Smote,Best First,Sensitive learning,68,118,374,56,0.365591,0.548387,0.733510,0.259943
BOOKKEEPER,5,0.642068,0.273909,0.171254,Random Forest,Smote,Best First,Sensitive learning,87,255,287,25,0.254386,0.776786,0.739959,0.168800
BOOKKEEPER,5,0.642068,0.273909,0.171254,Naive Bayes,Smote,Best First,Sensitive learning,112,542,0,0,0.171254,1.000000,0.849796,0.000000
BOOKKEEPER,5,0.642068,0.273909,0.171254,Ibk,Smote,Best First,Sensitive learning,64,147,395,48,0.303318,0.571429,0.732950,0.222274
BOOKKEEPER,6,0.818206,0.251810,0.081481,Random Forest,Smote,Best First,Sensitive learning,47,305,315,8,0.133523,0.854545,0.757698,0.104786
BOOKKEEPER,6,0.818206,0.251810,0.081481,Naive Bayes,Smote,Best First,Sensitive learning,48,137,483,7,0.259459,0.872727,0.882097,0.313802
BOOKKEEPER,6,0.818206,0.251810,0.081481,Ibk,Smote,Best First,Sensitive learning,25,142,478,30,0.149701,0.454545,0.659883,0.116976
